{"avg_all_rewards": -1.581669569015503, "_timestamp": 1681422817.2421615, "_runtime": 16.705801486968994, "_step": 0, "_wandb": {"runtime": 360}}