{"avg_all_rewards": 0.19774723052978516, "_timestamp": 1681432460.4939635, "_runtime": 731.0038964748383, "_step": 112}