{"avg_all_rewards": -1.518613576889038, "_timestamp": 1681421728.6421082, "_runtime": 948.84801030159, "_step": 132, "_wandb": {"runtime": 953}}