{"avg_all_rewards": -1.6279312372207642, "_timestamp": 1681429294.4791696, "_runtime": 54.299885511398315, "_step": 6}