{"avg_all_rewards": -1.6009267568588257, "_timestamp": 1681427013.5642266, "_runtime": 1004.243070602417, "_step": 142, "_wandb": {"runtime": 1005}}