{"avg_all_rewards": -1.581669569015503, "_timestamp": 1681424550.153269, "_runtime": 16.867679119110107, "_step": 0, "_wandb": {"runtime": 1436}}