{"avg_all_rewards": -1.6009267568588257, "_timestamp": 1681422774.6784816, "_runtime": 1016.7926716804504, "_step": 142, "_wandb": {"runtime": 1018}}