{"avg_all_rewards": -1.570465326309204, "_timestamp": 1681428553.3773603, "_runtime": 50.457085371017456, "_step": 5}