{"avg_all_rewards": -1.6172822713851929, "_timestamp": 1681353262.717206, "_runtime": 61.30223202705383, "_step": 5, "_wandb": {"runtime": 68}}