{"avg_all_rewards": -1.5446326732635498, "_timestamp": 1681424316.4013424, "_runtime": 1123.7279152870178, "_step": 159, "_wandb": {"runtime": 1126}}