{"avg_all_rewards": -1.6132405996322632, "_timestamp": 1681354094.5728357, "_runtime": 539.5803966522217, "_step": 59, "_wandb": {"runtime": 546}}