{"avg_all_rewards": -1.6037148237228394, "_timestamp": 1681427942.8146126, "_runtime": 59.02708673477173, "_step": 6, "_wandb": {"runtime": 62}}