{"avg_all_rewards": 0.25254422426223755, "_timestamp": 1681433153.218196, "_runtime": 665.538195848465, "_step": 104}