{"avg_all_rewards": -1.547067403793335, "_timestamp": 1681428243.6278994, "_runtime": 86.81372833251953, "_step": 11, "_wandb": {"runtime": 88}}