{"avg_all_rewards": -1.628967046737671, "_timestamp": 1681427854.2524574, "_runtime": 814.9069724082947, "_step": 109, "_wandb": {"runtime": 820}}