{"avg_all_rewards": -1.581669569015503, "_timestamp": 1681424358.6049838, "_runtime": 16.193176746368408, "_step": 0}